model_display_name,test_source,precision,recall,f1,mAP50,mAP50_95,inference_ms_per_image,FPS
YOLOv11s,Merged,0.8529388719564975,0.8053314084618806,0.8284517562617244,0.878770209530274,0.5760897755750776,11.014335777955615,90.79076761046512
RT-DETR-L,Merged,0.9214669721663292,0.8969600866247197,0.909048390124184,0.9315007338439738,0.6595393808522694,42.1155633698972,23.74419145761129
Faster R-CNN,Merged,0.7823051948051948,0.9004110612855007,0.8372133425990271,0.8923798203468323,0.5918202996253967,89.01157338719047,11.234494144375034
YOLOv11s-CBAMLite-BiFPNLite-P2,Merged,0.8427888158362284,0.81456008543536,0.8284340482620294,0.8817687808984379,0.5764356957636575,16.376420488079066,61.0634052006623
PCBNet-RTDETR-HybridOpt,Merged,0.8944857972270875,0.8766628494438667,0.8854846477827558,0.917661358038828,0.6111998356056133,47.82263830365962,20.91059873464729
