class_name,YOLOv11s,RT-DETR-L,Faster R-CNN,YOLOv11s-CBAMLite-BiFPNLite-P2,PCBNet-RTDETR-HybridOpt
missing_hole,0.790293159639567,0.8618376654563928,0.8194617629051208,0.7911872186458965,0.8027598184173055
mouse_bite,0.5161968358299975,0.5860825697299166,0.5187957286834717,0.5119012128346812,0.5381105277052863
open_circuit,0.5710156761277109,0.6555753701521148,0.5795313715934753,0.5628150594345741,0.6201747812312625
short,0.5143528124974426,0.6376451943408382,0.5259318947792053,0.52920869297635,0.5890930449011484
spur,0.4264662191307685,0.4847110209874439,0.4375084936618805,0.4352573218903915,0.4542666771383064
spurious_copper,0.6382139502249784,0.7313844644469094,0.6696926951408386,0.6282446688000519,0.662794164240371
