class_name,YOLOv11s,RT-DETR-L,Faster R-CNN,YOLOv11s-CBAMLite-BiFPNLite-P2,PCBNet-RTDETR-HybridOpt
spur,0.4264662191307685,0.4847110209874439,0.4375084936618805,0.4352573218903915,0.4542666771383064
mouse_bite,0.5161968358299975,0.5860825697299166,0.5187957286834717,0.5119012128346812,0.5381105277052863
short,0.5143528124974426,0.6376451943408382,0.5259318947792053,0.52920869297635,0.5890930449011484
