,precision,recall,f1,mAP50,mAP50-95,FPS
YOLOv10s,0.9043274099117496,0.863967304905799,0.8836867616544463,0.9297973197533409,0.6450233977144694,97.27827832174965
