class_name,Merged,DeepPCB,DsPCBSD,HRIPCB
missing_hole,0.7911872186458965,0.8434289971339302,0.80975581359688,0.46197329632542583
mouse_bite,0.5119012128346812,0.7338245534591258,0.35286703798646774,0.36579262460707523
open_circuit,0.5628150594345741,0.6833533975475663,0.4635494024310322,0.40625497635903407
short,0.52920869297635,0.6343132947478509,0.45274466027214927,0.3708037681115152
spur,0.43525732189039157,0.7364674285714223,0.31837550736854725,0.3656451641937005
spurious_copper,0.6282446688000519,0.8786210590981625,0.435084700616106,0.3221884774189339
